word,category
BEAR,animal
WOLF,animal
DEER,animal
FROG,animal
CROW,animal
GOAT,animal
LION,animal
LYNX,animal
HAWK,animal
SEAL,animal
TOAD,animal
MOTH,animal
SWAN,animal
MINK,animal
MULE,animal
NEWT,animal
MOLE,animal
BULL,animal
HARE,animal
ORCA,animal
RICE,food
BEAN,food
CORN,food
BEEF,food
PORK,food
SOUP,food
CAKE,food
PEAR,food
PLUM,food
LIME,food
KALE,food
MILK,food
OATS,food
TUNA,food
STEW,food
FISH,food
TOFU,food
NAAN,food
PITA,food
FLAN,food
RAKE,tool
FILE,tool
VISE,tool
TAPE,tool
NAIL,tool
BOLT,tool
PICK,tool
ADZE,tool
HOSE,tool
PUMP,tool
JACK,tool
ROPE,tool
HOOK,tool
TACK,tool
RASP,tool
MAUL,tool
SHIM,tool
POLE,tool
WIRE,tool
PINS,tool
TOWN,place
CITY,place
PARK,place
LAKE,place
HILL,place
CAVE,place
ROAD,place
PORT,place
MALL,place
SHOP,place
BANK,place
DOCK,place
POND,place
CAMP,place
CAFE,place
MINE,place
HOME,place
JAIL,place
YARD,place
FARM,place
